segment,n_predicted_churners,mean_clv,mean_churn_prob,net_roi,campaign_cost,roi_pct
ALL (high-value target),2869,2729.0651127383517,0.65395147,1257503.4095909216,22952.0,5478.840230005759
Casual Listeners,11095,916.1994419535329,0.8151398,1560636.1055698036,88760.0,1758.2651031656192
At-Risk,4603,814.6842215734831,0.8394906,584475.4003881899,36824.0,1587.2132315560232
Power Users,536,708.8693159573859,0.8433167,58672.92943680262,4288.0,1368.3052573881207
Dormant,75,397.30214387644946,0.8733366,4987.127175431048,600.0,831.1878625718414
